Survived,Sex,Age,Fare,HasCabin,Pclass_1,Pclass_2,Pclass_3,Embarked_C,Embarked_Q,Embarked_S,SibSp_0,SibSp_1,SibSp_2,SibSp_3,SibSp_4,SibSp_5,SibSp_8,Parch_0,Parch_1,Parch_2,Parch_3,Parch_4,Parch_5,Parch_6,Parch_9
0,0,0.345,0.015281580671177828,0,0,0,1,0,1,0,1,0,0,0,0,0,0,1,0,0,0,0,0,0,0
1,1,0.47,0.013663090060062943,0,0,0,1,0,0,1,0,1,0,0,0,0,0,1,0,0,0,0,0,0,0
0,0,0.62,0.018908740708122825,0,0,1,0,0,1,0,1,0,0,0,0,0,0,1,0,0,0,0,0,0,0
0,0,0.27,0.016908073949327893,0,0,0,1,0,0,1,1,0,0,0,0,0,0,1,0,0,0,0,0,0,0
1,1,0.22,0.023983602730431916,0,0,0,1,0,0,1,0,1,0,0,0,0,0,0,1,0,0,0,0,0,0
0,0,0.14,0.01800600082915438,0,0,0,1,0,0,1,1,0,0,0,0,0,0,1,0,0,0,0,0,0,0
1,1,0.3,0.014891206669461744,0,0,0,1,0,1,0,1,0,0,0,0,0,0,1,0,0,0,0,0,0,0
0,0,0.26,0.056604230248832196,0,0,1,0,0,0,1,0,1,0,0,0,0,0,0,1,0,0,0,0,0,0
1,1,0.18,0.014110458666029575,0,0,0,1,1,0,0,1,0,0,0,0,0,0,1,0,0,0,0,0,0,0
0,0,0.21,0.04713766070721715,0,0,0,1,0,0,1,0,0,1,0,0,0,0,1,0,0,0,0,0,0,0
0,0,0.285,0.015411575213749286,0,0,0,1,0,0,1,1,0,0,0,0,0,0,1,0,0,0,0,0,0,0
0,0,0.46,0.050748620223090936,0,1,0,0,0,0,1,1,0,0,0,0,0,0,1,0,0,0,0,0,0,0
1,1,0.23,0.16057390443488287,1,1,0,0,0,0,1,0,1,0,0,0,0,0,1,0,0,0,0,0,0,0
0,0,0.63,0.050748620223090936,0,0,1,0,0,0,1,0,1,0,0,0,0,0,1,0,0,0,0,0,0,0
1,1,0.47,0.11940564777490723,1,1,0,0,0,0,1,0,1,0,0,0,0,0,1,0,0,0,0,0,0,0
1,1,0.24,0.05410739813385612,0,0,1,0,1,0,0,0,1,0,0,0,0,0,1,0,0,0,0,0,0,0
0,0,0.35,0.024105594605968193,0,0,1,0,0,1,0,1,0,0,0,0,0,0,1,0,0,0,0,0,0,0
0,0,0.21,0.014102260811993537,0,0,0,1,1,0,0,1,0,0,0,0,0,0,1,0,0,0,0,0,0,0
1,1,0.27,0.015468569817999833,0,0,0,1,0,0,1,0,1,0,0,0,0,0,1,0,0,0,0,0,0,0
1,1,0.45,0.014102260811993537,0,0,0,1,1,0,0,1,0,0,0,0,0,0,1,0,0,0,0,0,0,0
0,0,0.55,0.11594107850967697,0,1,0,0,1,0,0,0,1,0,0,0,0,0,1,0,0,0,0,0,0,0
0,0,0.09,0.0061889894232067975,0,0,0,1,0,0,1,1,0,0,0,0,0,0,0,1,0,0,0,0,0,0
1,1,0.365,0.06184168304285603,0,1,0,0,0,0,1,1,0,0,0,0,0,0,1,0,0,0,0,0,0,0
0,0,0.21,0.11980421963065935,0,1,0,0,1,0,0,1,0,0,0,0,0,0,0,1,0,0,0,0,0,0
1,1,0.48,0.5121218935012878,1,1,0,0,1,0,0,0,1,0,0,0,0,0,0,0,0,1,0,0,0,0
0,0,0.5,0.028302115124416098,0,0,0,1,0,0,1,0,1,0,0,0,0,0,1,0,0,0,0,0,0,0
1,1,0.22,0.1209753416358076,1,1,0,0,1,0,0,1,0,0,0,0,0,0,0,1,0,0,0,0,0,0
0,0,0.225,0.014102260811993537,0,0,0,1,1,0,0,1,0,0,0,0,0,0,1,0,0,0,0,0,0,0
0,0,0.41,0.05953203526170282,1,1,0,0,0,0,1,1,0,0,0,0,0,0,1,0,0,0,0,0,0,0
0,0,0.285,0.04231498029001666,0,0,0,1,1,0,0,0,0,1,0,0,0,0,1,0,0,0,0,0,0,0
0,0,0.5,0.050748620223090936,0,0,1,0,0,0,1,0,1,0,0,0,0,0,1,0,0,0,0,0,0,0
0,0,0.24,0.061483905270283246,0,0,1,0,0,0,1,0,0,1,0,0,0,0,1,0,0,0,0,0,0,0
1,1,0.33,0.04015972542654215,0,0,0,1,0,0,1,0,1,0,0,0,0,0,0,0,1,0,0,0,0,0
1,1,0.365,0.04577135170121086,0,0,0,1,0,0,1,0,1,0,0,0,0,0,0,0,1,0,0,0,0,0
0,0,0.3,0.11272049299551928,1,1,0,0,1,0,0,0,1,0,0,0,0,0,1,0,0,0,0,0,0,0
0,0,0.185,0.014110458666029575,0,0,0,1,1,0,0,1,0,0,0,0,0,0,1,0,0,0,0,0,0,0
1,1,0.22,0.015712553569072387,0,0,0,1,0,0,1,1,0,0,0,0,0,0,1,0,0,0,0,0,0,0
1,1,0.21,0.016908073949327893,0,0,0,1,0,0,1,1,0,0,0,0,0,0,1,0,0,0,0,0,0,0
0,0,0.25,0.018542765081513996,0,0,0,1,0,0,1,1,0,0,0,0,0,0,1,0,0,0,0,0,0,0
0,0,0.285,0.11027245763075773,0,0,0,1,0,0,1,1,0,0,0,0,0,0,1,0,0,0,0,0,0,0
0,0,0.39,0.026187654344120927,0,0,0,1,1,0,0,1,0,0,0,0,0,0,0,1,0,0,0,0,0,0
0,0,0.285,0.051822148727810165,1,1,0,0,0,0,1,1,0,0,0,0,0,0,1,0,0,0,0,0,0,0
0,0,0.41,0.0153221795673563,0,0,0,1,0,0,1,1,0,0,0,0,0,0,1,0,0,0,0,0,0,0
1,1,0.3,0.025374310111545468,0,0,1,0,0,0,1,1,0,0,0,0,0,0,1,0,0,0,0,0,0,0
1,1,0.45,0.10257896680493714,1,1,0,0,0,0,1,0,1,0,0,0,0,0,1,0,0,0,0,0,0,0
0,0,0.25,0.015468569817999833,0,0,0,1,0,0,1,1,0,0,0,0,0,0,1,0,0,0,0,0,0,0
0,0,0.45,0.057970539254838485,1,1,0,0,1,0,0,1,0,0,0,0,0,0,1,0,0,0,0,0,0,0
0,0,0.285,0.015126992566498259,0,0,0,1,0,1,0,1,0,0,0,0,0,0,1,0,0,0,0,0,0,0
1,1,0.6,0.14891148113361488,1,1,0,0,1,0,0,1,0,0,0,0,0,0,1,0,0,0,0,0,0,0
1,1,0.36,0.031034733136428686,0,0,0,1,0,0,1,1,0,0,0,0,0,0,0,0,1,0,0,0,0,0
0,0,0.24,0.11711220051482524,1,1,0,0,0,0,1,0,1,0,0,0,0,0,1,0,0,0,0,0,0,0
0,0,0.27,0.029343047399992037,0,0,1,0,1,0,0,1,0,0,0,0,0,0,1,0,0,0,0,0,0,0
1,1,0.2,0.044893010197349675,0,0,1,0,0,0,1,0,0,1,0,0,0,0,0,1,0,0,0,0,0,0
1,1,0.28,0.5133418122566507,1,1,0,0,0,0,1,0,0,0,1,0,0,0,0,0,1,0,0,0,0,0
0,0,0.285,0.03040857323767609,0,0,1,0,1,0,0,1,0,0,0,0,0,0,1,0,0,0,0,0,0,0
0,0,0.1,0.05684821399990475,0,0,0,1,0,1,0,0,0,0,0,1,0,0,0,1,0,0,0,0,0,0
0,0,0.35,0.015411575213749286,0,0,0,1,0,0,1,1,0,0,0,0,0,0,1,0,0,0,0,0,0,0
0,0,0.25,0.014931805565640218,1,0,0,1,0,0,1,1,0,0,0,0,0,0,1,0,0,0,0,0,0,0
0,0,0.285,0.031425107138144774,0,0,0,1,0,0,1,0,1,0,0,0,0,0,1,0,0,0,0,0,0,0
1,1,0.36,0.5121218935012878,1,1,0,0,1,0,0,1,0,0,0,0,0,0,1,0,0,0,0,0,0,0
0,0,0.17,0.015411575213749286,0,0,0,1,0,0,1,1,0,0,0,0,0,0,1,0,0,0,0,0,0,0
0,0,0.32,0.026350245115835676,0,0,1,0,0,0,1,1,0,0,0,0,0,0,1,0,0,0,0,0,0,0
0,0,0.18,0.015126992566498259,0,0,0,1,0,0,1,1,0,0,0,0,0,0,1,0,0,0,0,0,0,0
1,1,0.22,0.015078195816283748,0,0,0,1,0,1,0,1,0,0,0,0,0,0,1,0,0,0,0,0,0,0
0,0,0.13,0.5121218935012878,1,1,0,0,1,0,0,0,0,1,0,0,0,0,0,0,1,0,0,0,0,0
1,1,0.365,0.04098927018018883,0,0,1,0,0,0,1,1,0,0,0,0,0,0,1,0,0,0,0,0,0,0
1,1,0.18,0.01537917417160685,0,0,0,1,0,1,0,1,0,0,0,0,0,0,1,0,0,0,0,0,0,0
0,0,0.47,0.08275928836380983,0,1,0,0,0,0,1,1,0,0,0,0,0,0,1,0,0,0,0,0,0,0
0,0,0.31,0.05570149036986375,1,1,0,0,1,0,0,1,0,0,0,0,0,0,1,0,0,0,0,0,0,0
1,1,0.6,0.5133418122566507,1,1,0,0,0,0,1,0,1,0,0,0,0,0,0,0,0,0,1,0,0,0
1,1,0.24,0.015126992566498259,0,0,0,1,0,1,0,1,0,0,0,0,0,0,1,0,0,0,0,0,0,0
0,0,0.21,0.015411575213749286,0,0,0,1,0,0,1,1,0,0,0,0,0,0,1,0,0,0,0,0,0,0
1,1,0.29,0.015468569817999833,0,0,0,1,0,0,1,1,0,0,0,0,0,0,1,0,0,0,0,0,0,0
0,0,0.285,0.05410739813385612,1,1,0,0,1,0,0,1,0,0,0,0,0,0,1,0,0,0,0,0,0,0
1,1,0.35,0.41282050681475896,1,1,0,0,1,0,0,1,0,0,0,0,0,0,1,0,0,0,0,0,0,0
0,0,0.325,0.41282050681475896,1,1,0,0,1,0,0,1,0,0,0,0,0,0,1,0,0,0,0,0,0,0
0,0,0.285,0.015712553569072387,0,0,0,1,0,0,1,1,0,0,0,0,0,0,1,0,0,0,0,0,0,0
1,1,0.55,0.05016305922051681,1,1,0,0,0,0,1,0,0,1,0,0,0,0,1,0,0,0,0,0,0,0
0,0,0.3,0.025374310111545468,0,0,1,0,0,0,1,1,0,0,0,0,0,0,1,0,0,0,0,0,0,0
1,1,0.24,0.015126992566498259,0,0,0,1,0,1,0,1,0,0,0,0,0,0,1,0,0,0,0,0,0,0
0,0,0.06,0.029757819776815374,0,0,0,1,1,0,0,0,1,0,0,0,0,0,0,1,0,0,0,0,0,0
0,0,0.67,0.4328841690069588,1,1,0,0,0,0,1,0,1,0,0,0,0,0,1,0,0,0,0,0,0,0
0,0,0.49,0.050748620223090936,0,1,0,0,0,0,1,1,0,0,0,0,0,0,1,0,0,0,0,0,0,0
0,0,0.285,0.015411575213749286,0,0,0,1,0,0,1,1,0,0,0,0,0,0,1,0,0,0,0,0,0,0
0,0,0.285,0.020901209612881715,0,0,1,0,0,1,0,1,0,0,0,0,0,0,1,0,0,0,0,0,0,0
0,0,0.285,0.028212719478023115,0,0,0,1,1,0,0,0,1,0,0,0,0,0,1,0,0,0,0,0,0,0
1,1,0.27,0.01537917417160685,0,0,0,1,0,1,0,1,0,0,0,0,0,0,1,0,0,0,0,0,0,0
1,1,0.18,0.015712553569072387,0,0,0,1,0,0,1,1,0,0,0,0,0,0,1,0,0,0,0,0,0,0
1,1,,0.015126992566498259,0,0,0,1,0,1,0,1,0,0,0,0,0,0,1,0,0,0,0,0,0,0
0,0,0.02,0.044893010197349675,0,0,1,0,0,0,1,0,1,0,0,0,0,0,0,1,0,0,0,0,0,0
1,1,0.22,0.027130993119267845,0,0,0,1,0,0,1,0,1,0,0,0,0,0,1,0,0,0,0,0,0,0
0,0,0.285,0.015175789316712771,0,0,0,1,0,0,1,1,0,0,0,0,0,0,1,0,0,0,0,0,0,0
1,1,0.27,0.10149724044618187,1,1,0,0,0,0,1,0,1,0,0,0,0,0,0,0,1,0,0,0,0,0
0,0,0.285,0.015712553569072387,0,0,0,1,0,0,1,1,0,0,0,0,0,0,1,0,0,0,0,0,0,0
0,0,0.25,0.050748620223090936,0,1,0,0,1,0,0,1,0,0,0,0,0,0,1,0,0,0,0,0,0,0
0,0,0.25,0.015216388212891242,0,0,0,1,0,0,1,1,0,0,0,0,0,0,1,0,0,0,0,0,0,0
1,1,0.76,0.15390495017656614,1,1,0,0,0,0,1,0,1,0,0,0,0,0,1,0,0,0,0,0,0,0
0,0,0.29,0.015468569817999833,0,0,0,1,0,0,1,1,0,0,0,0,0,0,1,0,0,0,0,0,0,0
1,1,0.2,0.015330377421392339,0,0,0,1,0,0,1,1,0,0,0,0,0,0,1,0,0,0,0,0,0,0
0,0,0.33,0.015712553569072387,0,0,0,1,0,0,1,1,0,0,0,0,0,0,1,0,0,0,0,0,0,0
1,1,0.43,0.1082149914547131,1,1,0,0,1,0,0,0,1,0,0,0,0,0,1,0,0,0,0,0,0,0
0,0,0.27,0.050748620223090936,0,0,1,0,0,0,1,0,1,0,0,0,0,0,1,0,0,0,0,0,0,0
0,0,0.285,0.015126992566498259,0,0,0,1,0,1,0,1,0,0,0,0,0,0,1,0,0,0,0,0,0,0
0,0,0.26,0.015175789316712771,0,0,0,1,0,0,1,1,0,0,0,0,0,0,1,0,0,0,0,0,0,0
1,1,0.16,0.016623491302076868,0,0,0,1,1,0,0,0,1,0,0,0,0,0,0,1,0,0,0,0,0,0
0,0,0.28,0.04396587194327397,0,0,0,1,0,0,1,1,0,0,0,0,0,0,1,0,0,0,0,0,0,0
0,0,0.21,0.015265184963105752,0,0,0,1,0,1,0,1,0,0,0,0,0,0,1,0,0,0,0,0,0,0
0,0,0.285,0.015126992566498259,0,0,0,1,0,1,0,1,0,0,0,0,0,0,1,0,0,0,0,0,0,0
0,0,0.285,0.017005667449756914,0,0,0,1,0,0,1,1,0,0,0,0,0,0,1,0,0,0,0,0,0,0
0,0,0.185,0.025374310111545468,1,0,1,0,0,0,1,1,0,0,0,0,0,0,1,0,0,0,0,0,0,0
0,0,0.41,0.02936744577509929,0,0,1,0,1,0,0,1,0,0,0,0,0,0,1,0,0,0,0,0,0,0
1,1,0.22,0.015183987170748809,0,0,0,1,0,1,0,1,0,0,0,0,0,0,1,0,0,0,0,0,0,0
1,1,0.36,0.06183368037582086,1,1,0,0,1,0,0,1,0,0,0,0,0,0,1,0,0,0,0,0,0,0
1,1,0.185,0.014216054833493776,0,0,0,1,0,1,0,1,0,0,0,0,0,0,1,0,0,0,0,0,0,0
1,1,0.63,0.4328841690069588,1,1,0,0,0,0,1,0,1,0,0,0,0,0,1,0,0,0,0,0,0,0
0,0,0.18,0.028212719478023115,0,0,0,1,1,0,0,0,1,0,0,0,0,0,1,0,0,0,0,0,0,0
0,0,0.285,0.012565163180236457,0,0,0,1,1,0,0,1,0,0,0,0,0,0,1,0,0,0,0,0,0,0
1,1,0.01,0.03259622914329302,1,0,0,1,0,0,1,0,1,0,0,0,0,0,0,1,0,0,0,0,0,0
0,0,0.36,0.1468620176246054,1,1,0,0,1,0,0,1,0,0,0,0,0,0,1,0,0,0,0,0,0,0
1,1,0.29,0.050748620223090936,0,0,1,0,0,0,1,0,1,0,0,0,0,0,1,0,0,0,0,0,0,0
1,1,0.12,0.030741952635141623,0,0,1,0,0,0,1,1,0,0,0,0,0,0,1,0,0,0,0,0,0,0
0,0,0.285,0.015126992566498259,0,0,0,1,0,1,0,0,1,0,0,0,0,0,1,0,0,0,0,0,0,0
1,1,0.35,0.11272049299551928,1,1,0,0,1,0,0,0,1,0,0,0,0,0,1,0,0,0,0,0,0,0
0,0,0.28,0.014151057562208049,0,0,0,1,0,0,1,1,0,0,0,0,0,0,1,0,0,0,0,0,0,0
0,0,0.285,0.015126992566498259,0,0,0,1,0,1,0,1,0,0,0,0,0,0,1,0,0,0,0,0,0,0
1,1,0.17,0.031425107138144774,0,0,0,1,0,0,1,1,0,0,0,0,0,0,0,1,0,0,0,0,0,0
0,0,0.22,0.015216388212891242,0,0,0,1,0,0,1,1,0,0,0,0,0,0,1,0,0,0,0,0,0,0
1,1,0.22,0.04538097769949478,0,0,0,1,0,1,0,0,0,1,0,0,0,0,1,0,0,0,0,0,0,0
0,0,0.42,0.025374310111545468,0,0,1,0,0,0,1,1,0,0,0,0,0,0,1,0,0,0,0,0,0,0
0,0,0.24,0.015712553569072387,0,0,0,1,0,0,1,1,0,0,0,0,0,0,1,0,0,0,0,0,0,0
0,0,0.32,0.015712553569072387,0,0,0,1,0,0,1,1,0,0,0,0,0,0,1,0,0,0,0,0,0,0
0,0,0.53,0.055628295244541985,1,1,0,0,1,0,0,1,0,0,0,0,0,0,1,0,0,0,0,0,0,0
1,1,0.365,0.049707687947515,0,0,0,1,0,0,1,1,0,0,0,0,0,0,0,0,0,0,1,0,0,0
0,0,0.285,0.012565163180236457,0,0,0,1,1,0,0,0,1,0,0,0,0,0,1,0,0,0,0,0,0,0
0,0,0.43,0.015411575213749286,0,0,0,1,0,0,1,1,0,0,0,0,0,0,1,0,0,0,0,0,0,0
0,0,0.24,0.015330377421392339,0,0,0,1,0,0,1,1,0,0,0,0,0,0,1,0,0,0,0,0,0,0
0,0,0.265,0.014102260811993537,0,0,0,1,1,0,0,1,0,0,0,0,0,0,1,0,0,0,0,0,0,0
0,0,0.26,0.025374310111545468,0,0,1,0,0,0,1,1,0,0,0,0,0,0,1,0,0,0,0,0,0,0
1,1,0.23,0.015712553569072387,0,0,0,1,0,0,1,1,0,0,0,0,0,0,1,0,0,0,0,0,0,0
0,0,0.4,0.09154270340242172,0,0,0,1,0,0,1,0,1,0,0,0,0,0,0,0,0,0,0,0,1,0
1,1,0.1,0.09154270340242172,0,0,0,1,0,0,1,0,0,0,0,0,1,0,0,0,1,0,0,0,0,0
1,1,0.33,0.29580589980036276,0,1,0,0,0,0,1,1,0,0,0,0,0,0,1,0,0,0,0,0,0,0
0,0,0.61,0.5121218935012878,1,1,0,0,1,0,0,0,1,0,0,0,0,0,0,0,0,1,0,0,0,0
0,0,0.28,0.050748620223090936,0,0,1,0,0,0,1,1,0,0,0,0,0,0,1,0,0,0,0,0,0,0
0,0,0.42,0.051822148727810165,0,1,0,0,0,0,1,1,0,0,0,0,0,0,1,0,0,0,0,0,0,0
0,0,0.31,0.03513366015444757,0,0,0,1,0,0,1,0,0,0,1,0,0,0,1,0,0,0,0,0,0,0
0,0,0.285,0.10122885832000206,1,1,0,0,0,0,1,1,0,0,0,0,0,0,1,0,0,0,0,0,0,0
0,0,0.22,0.015712553569072387,0,0,0,1,0,0,1,1,0,0,0,0,0,0,1,0,0,0,0,0,0,0
0,0,0.285,0.051822148727810165,0,1,0,0,0,0,1,1,0,0,0,0,0,0,1,0,0,0,0,0,0,0
0,0,0.3,0.050748620223090936,0,0,1,0,0,0,1,0,1,0,0,0,0,0,0,1,0,0,0,0,0,0
1,1,0.23,0.16231419173453318,1,1,0,0,1,0,0,1,0,0,0,0,0,0,0,1,0,0,0,0,0,0
0,0,0.285,0.015411575213749286,0,0,0,1,1,0,0,1,0,0,0,0,0,0,1,0,0,0,0,0,0,0
0,0,0.605,0.028212719478023115,0,0,0,1,0,0,1,1,0,0,0,0,0,0,1,0,0,0,0,0,0,0
1,1,0.36,0.023780217875537836,0,0,0,1,0,0,1,1,0,0,0,0,0,0,0,0,1,0,0,0,0,0
0,0,0.13,0.06126431989431795,0,0,0,1,0,0,1,0,0,0,0,1,0,0,0,0,1,0,0,0,0,0
0,0,0.24,0.014736618564782174,0,0,0,1,0,0,1,1,0,0,0,0,0,0,1,0,0,0,0,0,0,0
1,1,0.29,0.4328841690069588,1,1,0,0,0,0,1,1,0,0,0,0,0,0,1,0,0,0,0,0,0,0
1,1,0.23,0.015330377421392339,0,0,0,1,0,0,1,1,0,0,0,0,0,0,1,0,0,0,0,0,0,0
0,0,0.42,0.051822148727810165,1,1,0,0,0,0,1,1,0,0,0,0,0,0,1,0,0,0,0,0,0,0
1,1,0.26,0.026887009368195294,0,0,0,1,0,0,1,1,0,0,0,0,0,0,0,0,1,0,0,0,0,0
1,1,0.22,0.015094396337354966,0,0,0,1,0,1,0,1,0,0,0,0,0,0,1,0,0,0,0,0,0,0
0,0,0.07,0.029757819776815374,0,0,0,1,1,0,0,0,1,0,0,0,0,0,0,1,0,0,0,0,0,0
1,1,0.26,0.026350245115835676,0,0,1,0,0,0,1,1,0,0,0,0,0,0,1,0,0,0,0,0,0,0
0,0,0.285,0.013663090060062943,0,0,0,1,0,0,1,1,0,0,0,0,0,0,1,0,0,0,0,0,0,0
0,0,0.41,0.025374310111545468,0,0,1,0,0,0,1,1,0,0,0,0,0,0,1,0,0,0,0,0,0,0
1,1,0.26,0.04298993693898376,0,0,0,1,0,0,1,0,1,0,0,0,0,0,0,1,0,0,0,0,0,0
0,0,0.48,0.09856123757927521,1,1,0,0,1,0,0,1,0,0,0,0,0,0,1,0,0,0,0,0,0,0
0,0,0.18,0.06709553154495196,0,0,0,1,0,0,1,0,0,1,0,0,0,0,0,0,1,0,0,0,0,0
1,1,0.365,0.05410739813385612,0,1,0,0,1,0,0,1,0,0,0,0,0,0,1,0,0,0,0,0,0,0
1,1,0.22,0.01749363495190202,0,0,0,1,0,0,1,1,0,0,0,0,0,0,1,0,0,0,0,0,0,0
0,0,0.285,0.014736618564782174,0,0,0,1,0,0,1,1,0,0,0,0,0,0,1,0,0,0,0,0,0,0
0,0,0.27,0.014102260811993537,0,0,0,1,1,0,0,1,0,0,0,0,0,0,1,0,0,0,0,0,0,0
0,0,0.23,0.027130993119267845,0,0,0,1,0,0,1,0,1,0,0,0,0,0,1,0,0,0,0,0,0,0
0,0,0.285,0.014110458666029575,0,0,0,1,1,0,0,1,0,0,0,0,0,0,1,0,0,0,0,0,0,0
0,0,0.4,0.06126431989431795,0,0,0,1,0,0,1,0,1,0,0,0,0,0,0,0,0,0,0,1,0,0
1,1,0.15,0.07612293033463641,0,0,1,0,0,0,1,1,0,0,0,0,0,0,0,0,1,0,0,0,0,0
1,1,0.2,0.07173122281533045,0,0,1,0,0,0,1,1,0,0,0,0,0,0,1,0,0,0,0,0,0,0
0,0,0.54,0.1082149914547131,1,1,0,0,1,0,0,0,1,0,0,0,0,0,1,0,0,0,0,0,0,0
1,1,0.36,0.07612293033463641,1,0,1,0,0,0,1,1,0,0,0,0,0,0,0,0,0,1,0,0,0,0
1,1,0.64,0.16231419173453318,1,1,0,0,1,0,0,1,0,0,0,0,0,0,0,0,1,0,0,0,0,0
0,0,0.3,0.025374310111545468,0,0,1,0,0,0,1,1,0,0,0,0,0,0,1,0,0,0,0,0,0,0
0,0,0.37,0.16231419173453318,1,1,0,0,1,0,0,0,1,0,0,0,0,0,0,1,0,0,0,0,0,0
1,1,0.18,0.10364429745562033,1,1,0,0,0,0,1,0,1,0,0,0,0,0,1,0,0,0,0,0,0,0
0,0,0.285,0.015126992566498259,0,0,0,1,0,1,0,1,0,0,0,0,0,0,1,0,0,0,0,0,0,0
1,1,0.27,0.4831284260198326,1,1,0,0,1,0,0,0,1,0,0,0,0,0,0,1,0,0,0,0,0,0
0,0,0.4,0.03122992013728673,0,0,1,0,0,0,1,1,0,0,0,0,0,0,1,0,0,0,0,0,0,0
1,1,0.21,0.04098927018018883,0,0,1,0,0,0,1,1,0,0,0,0,0,0,0,1,0,0,0,0,0,0
0,0,0.17,0.015712553569072387,0,0,0,1,0,0,1,0,0,1,0,0,0,0,1,0,0,0,0,0,0,0
1,1,0.22,0.13575255909676825,0,0,0,1,0,0,1,0,0,0,0,0,0,1,0,0,1,0,0,0,0,0
0,0,0.4,0.025374310111545468,0,0,1,0,0,0,1,1,0,0,0,0,0,0,1,0,0,0,0,0,0,0
0,0,0.34,0.050748620223090936,0,0,1,0,0,0,1,0,1,0,0,0,0,0,1,0,0,0,0,0,0,0
0,0,0.285,0.050748620223090936,0,1,0,0,0,0,1,1,0,0,0,0,0,0,1,0,0,0,0,0,0,0
0,0,0.115,0.028302115124416098,0,0,0,1,0,0,1,0,1,0,0,0,0,0,0,1,0,0,0,0,0,0
0,0,0.61,0.024105594605968193,0,0,1,0,0,1,0,1,0,0,0,0,0,0,1,0,0,0,0,0,0,0
0,0,0.08,0.06343577527886367,0,0,1,0,0,0,1,1,0,0,0,0,0,0,0,0,1,0,0,0,0,0
0,0,0.33,0.015330377421392339,0,0,0,1,0,0,1,1,0,0,0,0,0,0,1,0,0,0,0,0,0,0
0,0,0.06,0.2625265161540666,1,1,0,0,1,0,0,1,0,0,0,0,0,0,0,0,1,0,0,0,0,0
1,1,0.18,0.015175789316712771,0,0,0,1,0,0,1,1,0,0,0,0,0,0,1,0,0,0,0,0,0,0
0,0,0.23,0.020494635090094415,0,0,1,0,0,0,1,1,0,0,0,0,0,0,1,0,0,0,0,0,0,0
1,1,0.365,0.015834545444608664,0,0,0,1,0,0,1,1,0,0,0,0,0,0,1,0,0,0,0,0,0,0
1,1,0.22,0.030253985132996517,0,0,0,1,0,1,0,1,0,0,0,0,0,0,1,0,0,0,0,0,0,0
0,0,0.0033,0.028106928123558056,0,0,0,1,0,0,1,1,0,0,0,0,0,0,0,0,1,0,0,0,0,0
0,0,0.47,0.4440992237022602,1,1,0,0,1,0,0,0,1,0,0,0,0,0,1,0,0,0,0,0,0,0
1,1,0.08,0.050748620223090936,0,0,1,0,0,0,1,0,1,0,0,0,0,0,0,1,0,0,0,0,0,0
0,0,0.25,0.020494635090094415,0,0,1,0,0,0,1,1,0,0,0,0,0,0,1,0,0,0,0,0,0,0
0,0,0.285,0.05024445219987461,0,1,0,0,1,0,0,1,0,0,0,0,0,0,1,0,0,0,0,0,0,0
1,1,0.35,0.015126992566498259,0,0,0,1,0,1,0,1,0,0,0,0,0,0,1,0,0,0,0,0,0,0
0,0,0.24,0.020494635090094415,0,0,1,0,0,0,1,1,0,0,0,0,0,0,1,0,0,0,0,0,0,0
1,1,0.33,0.05410739813385612,1,1,0,0,1,0,0,1,0,0,0,0,0,0,1,0,0,0,0,0,0,0
0,0,0.25,0.015411575213749286,0,0,0,1,0,0,1,1,0,0,0,0,0,0,1,0,0,0,0,0,0,0
0,0,0.32,0.04396587194327397,0,0,0,1,0,0,1,1,0,0,0,0,0,0,1,0,0,0,0,0,0,0
0,0,0.285,0.013760683560491965,0,0,0,1,0,0,1,1,0,0,0,0,0,0,1,0,0,0,0,0,0,0
0,0,0.17,0.1434624456306609,0,0,1,0,0,0,1,1,0,0,0,0,0,0,1,0,0,0,0,0,0,0
1,1,0.6,0.050748620223090936,0,0,1,0,0,0,1,0,1,0,0,0,0,0,1,0,0,0,0,0,0,0
1,1,0.38,0.015175789316712771,0,0,0,1,0,0,1,0,0,0,0,1,0,0,0,0,1,0,0,0,0,0
0,0,0.42,0.08295447536466788,1,1,0,0,0,0,1,1,0,0,0,0,0,0,1,0,0,0,0,0,0,0
1,1,0.22,0.01537917417160685,0,0,0,1,0,1,0,1,0,0,0,0,0,0,1,0,0,0,0,0,0,0
0,0,0.57,0.32179836714362564,0,1,0,0,0,0,1,0,1,0,0,0,0,0,0,1,0,0,0,0,0,0
1,1,0.5,0.41282050681475896,1,1,0,0,1,0,0,0,1,0,0,0,0,0,0,1,0,0,0,0,0,0
0,0,0.285,0.015712553569072387,0,0,0,1,0,0,1,1,0,0,0,0,0,0,1,0,0,0,0,0,0,0
1,1,0.3,0.027049600139910042,0,0,1,0,1,0,0,0,1,0,0,0,0,0,1,0,0,0,0,0,0,0
0,0,0.21,0.015712553569072387,0,0,0,1,0,0,1,1,0,0,0,0,0,0,1,0,0,0,0,0,0,0
1,1,0.22,0.020494635090094415,1,0,1,0,0,0,1,1,0,0,0,0,0,0,1,0,0,0,0,0,0,0
0,0,0.21,0.015216388212891242,0,0,0,1,0,0,1,1,0,0,0,0,0,0,1,0,0,0,0,0,0,0
1,1,0.53,0.0535706338814965,0,1,0,0,1,0,0,1,0,0,0,0,0,0,1,0,0,0,0,0,0,0
1,1,0.365,0.029757819776815374,0,0,0,1,1,0,0,1,0,0,0,0,0,0,0,0,1,0,0,0,0,0
0,0,0.23,0.015216388212891242,0,0,0,1,0,0,1,1,0,0,0,0,0,0,1,0,0,0,0,0,0,0
1,1,0.22,0.015126992566498259,0,0,0,1,0,1,0,1,0,0,0,0,0,0,1,0,0,0,0,0,0,0
0,0,0.405,0.029473237129564348,0,0,0,1,0,0,1,1,0,0,0,0,0,0,1,0,0,0,0,0,0,0
0,0,0.36,0.025374310111545468,0,0,1,0,0,0,1,1,0,0,0,0,0,0,1,0,0,0,0,0,0,0
0,0,0.14,0.12687155055772734,0,0,1,0,0,0,1,1,0,0,0,0,0,0,1,0,0,0,0,0,0,0
1,1,0.21,0.051822148727810165,0,1,0,0,0,0,1,1,0,0,0,0,0,0,1,0,0,0,0,0,0,0
0,0,0.21,0.012678957201736696,0,0,0,1,0,0,1,0,1,0,0,0,0,0,1,0,0,0,0,0,0,0
0,0,0.285,0.01537917417160685,0,0,0,1,0,1,0,1,0,0,0,0,0,0,1,0,0,0,0,0,0,0
0,0,0.39,0.13913573538264068,1,1,0,0,1,0,0,0,1,0,0,0,0,0,1,0,0,0,0,0,0,0
0,0,0.2,0.015330377421392339,0,0,0,1,0,0,1,1,0,0,0,0,0,0,1,0,0,0,0,0,0,0
0,0,0.64,0.14687821814567664,1,1,0,0,1,0,0,0,1,0,0,0,0,0,1,0,0,0,0,0,0,0
0,0,0.2,0.014102260811993537,0,0,0,1,1,0,0,1,0,0,0,0,0,0,1,0,0,0,0,0,0,0
1,1,0.18,0.025374310111545468,0,0,1,0,0,0,1,0,1,0,0,0,0,0,0,1,0,0,0,0,0,0
1,1,0.48,0.20772776566317125,1,1,0,0,1,0,0,0,1,0,0,0,0,0,1,0,0,0,0,0,0,0
1,1,0.55,0.05410739813385612,0,1,0,0,1,0,0,1,0,0,0,0,0,0,1,0,0,0,0,0,0,0
1,1,0.45,0.05855610025741262,0,0,1,0,0,0,1,1,0,0,0,0,0,0,0,0,1,0,0,0,0,0
0,0,0.45,0.2625265161540666,1,1,0,0,1,0,0,0,1,0,0,0,0,0,0,1,0,0,0,0,0,0
0,0,0.285,0.015395374692678068,0,0,0,1,0,0,1,1,0,0,0,0,0,0,1,0,0,0,0,0,0,0
0,0,0.07,0.04577135170121086,0,0,0,1,0,0,1,0,1,0,0,0,0,0,0,0,1,0,0,0,0,0
0,0,0.41,0.10122885832000206,1,1,0,0,0,0,1,0,1,0,0,0,0,0,1,0,0,0,0,0,0,0
1,1,0.22,0.04098927018018883,0,0,1,0,0,0,1,1,0,0,0,0,0,0,1,0,0,0,0,0,0,0
0,0,0.42,0.06343577527886367,0,0,1,0,0,0,1,0,1,0,0,0,0,0,0,1,0,0,0,0,0,0
1,1,0.29,0.050748620223090936,0,0,1,0,0,0,1,0,1,0,0,0,0,0,1,0,0,0,0,0,0,0
1,1,0.365,0.028212719478023115,0,0,0,1,1,0,0,0,1,0,0,0,0,0,1,0,0,0,0,0,0,0
1,1,0.0092,0.05416439273810667,0,0,1,0,0,0,1,0,1,0,0,0,0,0,0,0,1,0,0,0,0,0
0,0,0.2,0.015468569817999833,0,0,0,1,0,0,1,1,0,0,0,0,0,0,1,0,0,0,0,0,0,0
0,0,0.27,0.26697521827762305,1,1,0,0,1,0,0,0,1,0,0,0,0,0,1,0,0,0,0,0,0,0
0,0,0.24,0.01820118783001242,0,0,0,1,0,0,1,1,0,0,0,0,0,0,1,0,0,0,0,0,0,0
0,0,0.325,0.018542765081513996,0,0,0,1,0,0,1,1,0,0,0,0,0,0,1,0,0,0,0,0,0,0
0,0,0.285,0.014736618564782174,0,0,0,1,0,0,1,1,0,0,0,0,0,0,1,0,0,0,0,0,0,0
0,0,0.285,0.015126992566498259,0,0,0,1,0,1,0,1,0,0,0,0,0,0,1,0,0,0,0,0,0,0
0,0,0.28,0.015712553569072387,0,0,0,1,0,0,1,1,0,0,0,0,0,0,1,0,0,0,0,0,0,0
1,1,0.19,0.025374310111545468,0,0,1,0,0,0,1,1,0,0,0,0,0,0,1,0,0,0,0,0,0,0
0,0,0.21,0.015175789316712771,0,0,0,1,0,0,1,1,0,0,0,0,0,0,1,0,0,0,0,0,0,0
0,0,0.365,0.033962538149299316,0,0,0,1,0,0,1,0,1,0,0,0,0,0,1,0,0,0,0,0,0,0
0,0,0.21,0.015330377421392339,0,0,0,1,0,0,1,1,0,0,0,0,0,0,1,0,0,0,0,0,0,0
1,1,0.29,0.044893010197349675,0,0,1,0,0,0,1,1,0,0,0,0,0,0,0,0,1,0,0,0,0,0
1,1,0.01,0.023780217875537836,0,0,0,1,0,0,1,0,1,0,0,0,0,0,0,1,0,0,0,0,0,0
0,0,0.3,0.024861944234293106,0,0,1,0,1,0,0,1,0,0,0,0,0,0,1,0,0,0,0,0,0,0
0,0,0.285,0.015411575213749286,0,0,0,1,0,0,1,1,0,0,0,0,0,0,1,0,0,0,0,0,0,0
0,0,0.285,0.0,0,1,0,0,0,0,1,1,0,0,0,0,0,0,1,0,0,0,0,0,0,0
0,0,0.285,0.014736618564782174,0,0,0,1,0,0,1,1,0,0,0,0,0,0,1,0,0,0,0,0,0,0
1,1,0.22,0.015712553569072387,0,0,0,1,0,0,1,1,0,0,0,0,0,0,1,0,0,0,0,0,0,0
0,0,0.17,0.016908073949327893,0,0,0,1,0,0,1,1,0,0,0,0,0,0,1,0,0,0,0,0,0,0
0,0,0.46,0.1468620176246054,1,1,0,0,1,0,0,1,0,0,0,0,0,0,1,0,0,0,0,0,0,0
0,0,0.285,0.015126992566498259,0,0,0,1,0,1,0,1,0,0,0,0,0,0,1,0,0,0,0,0,0,0
1,1,0.26,0.26697521827762305,1,1,0,0,1,0,0,0,1,0,0,0,0,0,1,0,0,0,0,0,0,0
1,1,0.22,0.030253985132996517,0,0,0,1,0,1,0,0,1,0,0,0,0,0,1,0,0,0,0,0,0,0
0,0,0.285,0.014102260811993537,0,0,0,1,1,0,0,1,0,0,0,0,0,0,1,0,0,0,0,0,0,0
1,1,0.2,0.050748620223090936,0,0,1,0,0,0,1,0,1,0,0,0,0,0,1,0,0,0,0,0,0,0
0,0,0.28,0.020494635090094415,0,0,1,0,0,0,1,1,0,0,0,0,0,0,1,0,0,0,0,0,0,0
0,0,0.4,0.050748620223090936,0,0,1,0,0,0,1,0,1,0,0,0,0,0,1,0,0,0,0,0,0,0
0,0,0.3,0.04098927018018883,0,0,1,0,0,0,1,0,1,0,0,0,0,0,1,0,0,0,0,0,0,0
0,0,0.22,0.020494635090094415,0,0,1,0,0,0,1,1,0,0,0,0,0,0,1,0,0,0,0,0,0,0
1,1,0.23,0.016908073949327893,0,0,0,1,0,0,1,1,0,0,0,0,0,0,1,0,0,0,0,0,0,0
0,0,0.0075,0.026887009368195294,0,0,0,1,0,0,1,0,1,0,0,0,0,0,0,1,0,0,0,0,0,0
1,1,0.22,0.015126992566498259,0,0,0,1,0,1,0,1,0,0,0,0,0,0,1,0,0,0,0,0,0,0
1,1,0.09,0.029757819776815374,0,0,0,1,1,0,0,0,1,0,0,0,0,0,0,1,0,0,0,0,0,0
1,1,0.02,0.039452172548431745,0,0,0,1,0,0,1,0,1,0,0,0,0,0,0,1,0,0,0,0,0,0
0,0,0.36,0.014151057562208049,0,0,0,1,0,0,1,1,0,0,0,0,0,0,1,0,0,0,0,0,0,0
0,0,0.285,0.014151057562208049,0,0,0,1,0,0,1,1,0,0,0,0,0,0,1,0,0,0,0,0,0,0
0,0,0.24,0.16057390443488287,1,1,0,0,0,0,1,0,1,0,0,0,0,0,1,0,0,0,0,0,0,0
0,0,0.285,0.014110458666029575,1,0,0,1,1,0,0,1,0,0,0,0,0,0,1,0,0,0,0,0,0,0
0,0,0.285,0.015712553569072387,0,0,0,1,0,0,1,1,0,0,0,0,0,0,1,0,0,0,0,0,0,0
0,0,0.285,0.07729405233978466,0,1,0,0,0,0,1,1,0,0,0,0,0,0,1,0,0,0,0,0,0,0
1,1,0.3,0.013565496559633922,0,0,0,1,0,1,0,1,0,0,0,0,0,0,1,0,0,0,0,0,0,0
0,0,0.285,0.014110458666029575,0,0,0,1,1,0,0,1,0,0,0,0,0,0,1,0,0,0,0,0,0,0
0,0,0.53,0.15977676072337862,1,1,0,0,0,0,1,0,1,0,0,0,0,0,0,1,0,0,0,0,0,0
0,0,0.36,0.018542765081513996,0,0,0,1,0,0,1,1,0,0,0,0,0,0,1,0,0,0,0,0,0,0
0,0,0.26,0.015411575213749286,0,0,0,1,0,0,1,1,0,0,0,0,0,0,1,0,0,0,0,0,0,0
1,1,0.01,0.08115719346076702,0,0,1,0,1,0,0,0,1,0,0,0,0,0,0,0,1,0,0,0,0,0
0,0,0.285,0.04231498029001666,0,0,0,1,1,0,0,0,0,1,0,0,0,0,1,0,0,0,0,0,0,0
0,0,0.3,0.08881008539040913,0,1,0,0,0,0,1,1,0,0,0,0,0,0,1,0,0,0,0,0,0,0
0,0,0.29,0.015330377421392339,0,0,0,1,0,0,1,1,0,0,0,0,0,0,1,0,0,0,0,0,0,0
0,0,0.32,0.015175789316712771,0,0,0,1,0,0,1,1,0,0,0,0,0,0,1,0,0,0,0,0,0,0
0,0,0.285,0.02936744577509929,1,0,1,0,1,0,0,1,0,0,0,0,0,0,1,0,0,0,0,0,0,0
0,0,0.43,0.04098927018018883,0,0,1,0,0,0,1,1,0,0,0,0,0,0,0,1,0,0,0,0,0,0
0,0,0.24,0.016908073949327893,0,0,0,1,0,0,1,1,0,0,0,0,0,0,1,0,0,0,0,0,0,0
1,1,0.22,0.015126992566498259,0,0,0,1,0,1,0,1,0,0,0,0,0,0,1,0,0,0,0,0,0,0
1,1,0.64,0.051822148727810165,1,1,0,0,0,0,1,0,1,0,0,0,0,0,0,1,0,0,0,0,0,0
0,0,0.3,0.29580589980036276,1,1,0,0,0,0,1,0,1,0,0,0,0,0,0,0,1,0,0,0,0,0
0,0,0.0083,0.018249984580226933,0,0,0,1,0,0,1,1,0,0,0,0,0,0,0,1,0,0,0,0,0,0
0,0,0.55,0.18249984580226933,1,1,0,0,0,0,1,0,1,0,0,0,0,0,0,1,0,0,0,0,0,0
1,1,0.45,0.027537567642055148,0,0,0,1,0,0,1,0,1,0,0,0,0,0,1,0,0,0,0,0,0,0
0,0,0.18,0.016908073949327893,0,0,0,1,0,0,1,1,0,0,0,0,0,0,1,0,0,0,0,0,0,0
0,0,0.22,0.014102260811993537,0,0,0,1,1,0,0,1,0,0,0,0,0,0,1,0,0,0,0,0,0,0
0,0,0.285,0.014785415314996686,0,0,0,1,0,0,1,1,0,0,0,0,0,0,1,0,0,0,0,0,0,0
1,1,0.37,0.015126992566498259,0,0,0,1,0,1,0,1,0,0,0,0,0,0,1,0,0,0,0,0,0,0
1,1,0.55,0.2647385704347907,1,1,0,0,1,0,0,1,0,0,0,0,0,0,1,0,0,0,0,0,0,0
1,1,0.17,0.015094396337354966,0,0,0,1,0,1,0,1,0,0,0,0,0,0,1,0,0,0,0,0,0,0
0,0,0.57,0.2859895551532101,1,1,0,0,1,0,0,0,1,0,0,0,0,0,1,0,0,0,0,0,0,0
0,0,0.19,0.020494635090094415,0,0,1,0,0,0,1,1,0,0,0,0,0,0,1,0,0,0,0,0,0,0
0,0,0.27,0.015330377421392339,0,0,0,1,0,0,1,1,0,0,0,0,0,0,1,0,0,0,0,0,0,0
0,0,0.22,0.061483905270283246,0,0,1,0,0,0,1,0,0,1,0,0,0,0,1,0,0,0,0,0,0,0
0,0,0.26,0.015175789316712771,0,0,0,1,0,0,1,1,0,0,0,0,0,0,1,0,0,0,0,0,0,0
0,0,0.25,0.014110458666029575,1,0,0,1,1,0,0,1,0,0,0,0,0,0,1,0,0,0,0,0,0,0
0,0,0.26,0.025374310111545468,1,0,1,0,0,0,1,1,0,0,0,0,0,0,1,0,0,0,0,0,0,0
0,0,0.33,0.051822148727810165,0,1,0,0,0,0,1,1,0,0,0,0,0,0,1,0,0,0,0,0,0,0
1,1,0.39,0.41250332793836464,0,1,0,0,0,0,1,1,0,0,0,0,0,0,1,0,0,0,0,0,0,0
0,0,0.23,0.013760683560491965,0,0,0,1,0,0,1,1,0,0,0,0,0,0,1,0,0,0,0,0,0,0
1,1,0.12,0.07612293033463641,1,0,1,0,0,0,1,0,0,1,0,0,0,0,0,1,0,0,0,0,0,0
0,0,0.46,0.15458810467956932,0,1,0,0,1,0,0,1,0,0,0,0,0,0,1,0,0,0,0,0,0,0
0,0,0.29,0.050748620223090936,0,0,1,0,0,0,1,0,1,0,0,0,0,0,1,0,0,0,0,0,0,0
0,0,0.21,0.025374310111545468,0,0,1,0,0,0,1,1,0,0,0,0,0,0,1,0,0,0,0,0,0,0
1,1,0.48,0.07173122281533045,0,0,1,0,0,0,1,1,0,0,0,0,0,0,0,0,1,0,0,0,0,0
0,0,0.39,0.057970539254838485,1,1,0,0,1,0,0,1,0,0,0,0,0,0,1,0,0,0,0,0,0,0
0,0,0.285,0.014102260811993537,0,0,0,1,1,0,0,1,0,0,0,0,0,0,1,0,0,0,0,0,0,0
1,1,0.19,0.030725752114070404,0,0,0,1,1,0,0,0,1,0,0,0,0,0,0,1,0,0,0,0,0,0
0,0,0.27,0.015411575213749286,0,0,0,1,0,0,1,1,0,0,0,0,0,0,1,0,0,0,0,0,0,0
0,0,0.3,0.050748620223090936,1,1,0,0,0,0,1,1,0,0,0,0,0,0,1,0,0,0,0,0,0,0
0,0,0.32,0.025374310111545468,0,0,1,0,0,0,1,1,0,0,0,0,0,0,1,0,0,0,0,0,0,0
0,0,0.39,0.014110458666029575,0,0,0,1,1,0,0,1,0,0,0,0,0,0,0,0,1,0,0,0,0,0
0,0,0.25,0.061483905270283246,0,0,1,0,0,0,1,1,0,0,0,0,0,0,1,0,0,0,0,0,0,0
0,0,0.07,0.014110458666029575,0,0,0,1,1,0,0,1,0,0,0,0,0,0,1,0,0,0,0,0,0,0
0,0,0.18,0.020494635090094415,0,0,1,0,0,0,1,1,0,0,0,0,0,0,1,0,0,0,0,0,0,0
0,0,0.32,0.014793613169032724,0,0,0,1,0,0,1,1,0,0,0,0,0,0,1,0,0,0,0,0,0,0
0,0,0.285,0.13575255909676825,0,0,0,1,0,0,1,0,1,0,0,0,0,0,0,0,0,0,0,0,0,1
1,1,0.58,1.0,1,1,0,0,1,0,0,1,0,0,0,0,0,0,0,1,0,0,0,0,0,0
0,0,0.07,0.028302115124416098,0,0,0,1,0,0,1,0,1,0,0,0,0,0,0,1,0,0,0,0,0,0
1,1,0.16,0.014931805565640218,0,0,0,1,0,0,1,1,0,0,0,0,0,0,1,0,0,0,0,0,0,0
0,0,0.26,0.025374310111545468,0,0,1,0,0,0,1,1,0,0,0,0,0,0,1,0,0,0,0,0,0,0
1,1,0.38,0.014110458666029575,0,0,0,1,1,0,0,1,0,0,0,0,0,0,1,0,0,0,0,0,0,0
0,0,0.24,0.026350245115835676,0,0,1,0,0,0,1,1,0,0,0,0,0,0,1,0,0,0,0,0,0,0
1,1,0.31,0.04098927018018883,0,0,1,0,0,0,1,1,0,0,0,0,0,0,1,0,0,0,0,0,0,0
1,1,0.45,0.12366716556464086,1,1,0,0,1,0,0,1,0,0,0,0,0,0,0,1,0,0,0,0,0,0
0,0,0.25,0.020494635090094415,0,0,1,0,0,0,1,1,0,0,0,0,0,0,1,0,0,0,0,0,0,0
0,0,0.18,0.1434624456306609,0,0,1,0,0,0,1,1,0,0,0,0,0,0,1,0,0,0,0,0,0,0
0,0,0.49,0.12687155055772734,0,0,1,0,0,0,1,0,1,0,0,0,0,0,0,0,1,0,0,0,0,0
1,1,0.0017000000000000001,0.04015972542654215,0,0,0,1,0,0,1,0,1,0,0,0,0,0,0,0,1,0,0,0,0,0
0,0,0.5,0.050748620223090936,1,1,0,0,0,0,1,1,0,0,0,0,0,0,1,0,0,0,0,0,0,0
1,1,0.59,0.10048070654571319,1,1,0,0,0,0,1,0,0,1,0,0,0,0,1,0,0,0,0,0,0,0
0,0,0.285,0.01537917417160685,0,0,0,1,0,0,1,1,0,0,0,0,0,0,1,0,0,0,0,0,0,0
0,0,0.285,0.015126992566498259,0,0,0,1,0,1,0,1,0,0,0,0,0,0,1,0,0,0,0,0,0,0
1,1,0.3,0.030351578633425542,0,0,0,1,0,0,1,0,1,0,0,0,0,0,1,0,0,0,0,0,0,0
0,0,0.145,0.13575255909676825,0,0,0,1,0,0,1,0,0,0,0,0,0,1,0,0,1,0,0,0,0,0
1,1,0.24,0.07222738817151159,0,0,1,0,1,0,0,0,1,0,0,0,0,0,0,1,0,0,0,0,0,0
1,1,0.31,0.04098927018018883,0,0,1,0,0,0,1,1,0,0,0,0,0,0,1,0,0,0,0,0,0,0
0,0,0.27,0.016908073949327893,0,0,0,1,0,0,1,1,0,0,0,0,0,0,1,0,0,0,0,0,0,0
1,1,0.25,0.1082149914547131,1,1,0,0,1,0,0,0,1,0,0,0,0,0,1,0,0,0,0,0,0,0
1,1,0.365,0.13575255909676825,0,0,0,1,0,0,1,0,1,0,0,0,0,0,0,0,0,0,0,0,0,1
0,0,0.285,0.028220722145058292,0,0,0,1,1,0,0,0,1,0,0,0,0,0,1,0,0,0,0,0,0,0
1,1,0.22,0.07746484096553544,0,0,0,1,0,0,1,1,0,0,0,0,0,0,1,0,0,0,0,0,0,0
1,1,0.45,0.11594107850967697,0,1,0,0,1,0,0,1,0,0,0,0,0,0,0,1,0,0,0,0,0,0
0,0,0.29,0.027049600139910042,0,0,1,0,1,0,0,1,0,0,0,0,0,0,1,0,0,0,0,0,0,0
0,0,0.21,0.022446505098674838,0,0,1,0,0,0,1,0,1,0,0,0,0,0,1,0,0,0,0,0,0,0
1,1,0.31,0.2625265161540666,1,1,0,0,1,0,0,1,0,0,0,0,0,0,1,0,0,0,0,0,0,0
0,0,0.49,0.0,1,1,0,0,0,0,1,1,0,0,0,0,0,0,1,0,0,0,0,0,0,0
0,0,0.44,0.025374310111545468,0,0,1,0,0,0,1,1,0,0,0,0,0,0,1,0,0,0,0,0,0,0
1,1,0.54,0.15977676072337862,1,1,0,0,0,0,1,0,1,0,0,0,0,0,0,1,0,0,0,0,0,0
1,1,0.45,0.5121218935012878,0,1,0,0,1,0,0,1,0,0,0,0,0,0,1,0,0,0,0,0,0,0
1,1,0.22,0.016908073949327893,0,0,0,1,0,0,1,0,0,1,0,0,0,0,1,0,0,0,0,0,0,0
0,0,0.21,0.022446505098674838,0,0,1,0,0,0,1,1,0,0,0,0,0,0,1,0,0,0,0,0,0,0
0,0,0.55,0.09759350042902103,1,1,0,0,0,0,1,1,0,0,0,0,0,0,1,0,0,0,0,0,0,0
0,0,0.05,0.06126431989431795,0,0,0,1,0,0,1,0,0,0,0,1,0,0,0,0,1,0,0,0,0,0
0,0,0.285,0.015126992566498259,0,0,0,1,0,1,0,1,0,0,0,0,0,0,1,0,0,0,0,0,0,0
0,0,0.26,0.01537917417160685,0,0,0,1,0,1,0,1,0,0,0,0,0,0,1,0,0,0,0,0,0,0
1,1,0.365,0.028302115124416098,0,0,0,1,0,0,1,1,0,0,0,0,0,0,1,0,0,0,0,0,0,0
1,1,0.19,0.031425107138144774,0,0,0,1,0,0,1,0,1,0,0,0,0,0,1,0,0,0,0,0,0,0
0,0,0.285,0.025130326360472913,0,0,1,0,0,0,1,1,0,0,0,0,0,0,1,0,0,0,0,0,0,0
1,1,0.24,0.12687155055772734,0,0,1,0,0,0,1,0,1,0,0,0,0,0,0,0,1,0,0,0,0,0
0,0,0.24,0.015175789316712771,0,0,0,1,0,0,1,1,0,0,0,0,0,0,1,0,0,0,0,0,0,0
0,0,0.57,0.025374310111545468,0,0,1,0,0,0,1,1,0,0,0,0,0,0,1,0,0,0,0,0,0,0
0,0,0.21,0.015126992566498259,0,0,0,1,0,1,0,1,0,0,0,0,0,0,1,0,0,0,0,0,0,0
0,0,0.06,0.04113566043083236,0,0,0,1,0,0,1,0,0,0,1,0,0,0,0,1,0,0,0,0,0,0
0,0,0.23,0.18249984580226933,1,1,0,0,0,0,1,1,0,0,0,0,0,0,1,0,0,0,0,0,0,0
1,1,0.51,0.07690367833806856,1,1,0,0,0,0,1,1,0,0,0,0,0,0,0,1,0,0,0,0,0,0
0,0,0.13,0.03952536767375352,0,0,0,1,0,0,1,1,0,0,0,0,0,0,0,0,1,0,0,0,0,0
0,0,0.47,0.020494635090094415,0,0,1,0,0,0,1,1,0,0,0,0,0,0,1,0,0,0,0,0,0,0
0,0,0.29,0.04298993693898376,0,0,0,1,0,0,1,0,0,0,1,0,0,0,0,1,0,0,0,0,0,0
1,1,0.18,0.11711220051482524,1,1,0,0,0,0,1,0,1,0,0,0,0,0,1,0,0,0,0,0,0,0
0,0,0.24,0.014151057562208049,0,0,0,1,0,1,0,1,0,0,0,0,0,0,1,0,0,0,0,0,0,0
1,1,0.48,0.15458810467956932,1,1,0,0,1,0,0,0,1,0,0,0,0,0,0,1,0,0,0,0,0,0
0,0,0.22,0.015175789316712771,0,0,0,1,0,0,1,1,0,0,0,0,0,0,1,0,0,0,0,0,0,0
0,0,0.31,0.015094396337354966,0,0,0,1,0,1,0,1,0,0,0,0,0,0,1,0,0,0,0,0,0,0
1,1,0.3,0.32179836714362564,1,1,0,0,0,0,1,1,0,0,0,0,0,0,1,0,0,0,0,0,0,0
0,0,0.38,0.04098927018018883,0,0,1,0,0,0,1,0,1,0,0,0,0,0,1,0,0,0,0,0,0,0
1,1,0.22,0.11594107850967697,0,1,0,0,1,0,0,1,0,0,0,0,0,0,0,1,0,0,0,0,0,0
0,0,0.17,0.09193307740413781,0,1,0,0,0,0,1,1,0,0,0,0,0,0,1,0,0,0,0,0,0,0
0,0,0.43,0.05410739813385612,1,1,0,0,1,0,0,0,1,0,0,0,0,0,1,0,0,0,0,0,0,0
0,0,0.2,0.02705779799394608,1,0,1,0,1,0,0,1,0,0,0,0,0,0,1,0,0,0,0,0,0,0
0,0,0.23,0.020494635090094415,0,0,1,0,0,0,1,0,1,0,0,0,0,0,1,0,0,0,0,0,0,0
0,0,0.5,0.41282050681475896,1,1,0,0,1,0,0,0,1,0,0,0,0,0,0,1,0,0,0,0,0,0
1,1,0.22,0.01506999796224771,0,0,0,1,0,1,0,1,0,0,0,0,0,0,1,0,0,0,0,0,0,0
1,1,0.03,0.026887009368195294,0,0,0,1,0,0,1,0,1,0,0,0,0,0,0,1,0,0,0,0,0,0
1,1,0.22,0.015126992566498259,0,0,0,1,0,1,0,1,0,0,0,0,0,0,1,0,0,0,0,0,0,0
1,1,0.37,0.17566830077223786,1,1,0,0,0,1,0,0,1,0,0,0,0,0,1,0,0,0,0,0,0,0
1,1,0.28,0.015175789316712771,0,0,0,1,0,0,1,1,0,0,0,0,0,0,1,0,0,0,0,0,0,0
0,0,0.285,0.015712553569072387,0,0,0,1,0,0,1,1,0,0,0,0,0,0,1,0,0,0,0,0,0,0
1,1,0.39,0.2125586439344078,1,1,0,0,1,0,0,1,0,0,0,0,0,0,1,0,0,0,0,0,0,0
0,0,0.385,0.014151057562208049,0,0,0,1,0,0,1,1,0,0,0,0,0,0,1,0,0,0,0,0,0,0
0,0,0.285,0.015712553569072387,0,0,0,1,0,0,1,1,0,0,0,0,0,0,1,0,0,0,0,0,0,0
0,0,0.07,0.04364049521284362,0,0,0,1,1,0,0,0,1,0,0,0,0,0,0,1,0,0,0,0,0,0
